server_70004,2019-07-26 20:34:00
server_70015,2019-07-26 09:36:00
server_70016,2019-07-18 00:49:00
server_70022,2019-07-11 17:51:00
server_70024,2019-07-09 20:56:00
server_70026,2019-07-18 10:51:00
server_70027,2019-07-29 03:10:00
server_70028,2019-07-22 20:26:00
server_70036,2019-07-28 07:48:00
server_70043,2019-07-29 21:29:00
server_70044,2019-07-30 03:05:00
server_70054,2019-07-04 23:41:00
server_70059,2019-07-17 16:18:00
server_70062,2019-07-14 14:13:00
server_70065,2019-07-15 11:13:00
server_70067,2019-07-19 00:51:00
server_70072,2019-07-11 01:17:00
server_70077,2019-07-18 18:19:00
server_70078,2019-07-03 22:08:00
server_70081,2019-07-05 15:33:00
server_70082,2019-07-27 21:53:00
server_70085,2019-07-19 18:28:00
server_70091,2019-07-07 16:47:00
server_70092,2019-07-20 08:28:00
server_70099,2019-07-20 11:30:00
server_70102,2019-07-10 15:43:00
server_70108,2019-07-06 01:07:00
server_70110,2019-07-12 11:49:00
server_70118,2019-07-09 03:12:00
server_70121,2019-07-24 08:57:00
server_70964,2019-07-02 02:23:00
server_71390,2019-07-14 10:29:00
server_71557,2019-07-10 19:48:00
server_71748,2019-07-31 00:12:00
server_72163,2019-07-03 15:15:00
server_72357,2019-07-14 12:21:00
server_73052,2019-07-27 21:11:00
server_73404,2019-07-07 23:54:00
server_74039,2019-07-03 04:45:00
server_74468,2019-07-15 20:54:00
server_74519,2019-07-25 21:35:00
server_74856,2019-07-10 00:19:00
server_75475,2019-07-02 04:22:00
server_75834,2019-07-24 22:29:00
server_77784,2019-07-20 22:56:00
server_77965,2019-07-09 02:30:00
